ID,Class,Teacher,Subject,item1,item2,item3,item4,item5,Score
S001,A,T01,Literature,85,84,65,88,80,86
S002,A,T01,Literature,78,68,59,98,93,96
S003,A,T01,Literature,75,77,65,54,49,52
S004,A,T01,Literature,87,70,61,74,69,72
S005,A,T01,Literature,77,72,63,76,77,74
S006,A,T01,Literature,89,66,65,92,87,90
S007,A,T01,Literature,87,58,61,84,79,82
S008,A,T01,Literature,75,79,88,96,91,94
S009,A,T01,Literature,81,80,65,84,77,82
S010,A,T01,Literature,71,70,91,90,83,88
S011,A,T01,Literature,81,95,77,84,78,82
S012,A,T01,Literature,77,56,67,72,65,70
S013,A,T01,Literature,89,75,81,94,87,92
S014,A,T01,Literature,66,77,75,74,75,72
S015,A,T01,Literature,76,67,83,80,73,78
S016,A,T01,Literature,81,88,65,72,64,70
S017,A,T01,Literature,63,66,49,60,53,58
S018,A,T01,Literature,89,55,61,68,61,66
S019,A,T01,Literature,77,77,41,90,83,88
S020,A,T01,Literature,63,90,67,84,88,82
S021,A,T01,Literature,65,58,49,74,67,72
S022,A,T01,Literature,77,80,77,94,91,92
S023,A,T01,Literature,89,77,77,86,79,84
S024,A,T01,Literature,89,84,55,96,89,94
S025,A,T01,Literature,81,88,61,94,87,92
S026,A,T01,Literature,71,98,79,96,86,94
S027,A,T01,Literature,75,74,73,88,81,86
S028,A,T01,Literature,90,83,77,92,88,90
S029,A,T01,Literature,91,73,41,86,79,84
S030,B,T01,Literature,63,68,65,72,65,70
S031,B,T01,Literature,75,90,43,100,93,98
S032,B,T01,Literature,45,45,65,38,31,36
S033,B,T01,Literature,79,67,55,92,85,90
S034,B,T01,Literature,65,78,66,74,69,72
S035,B,T01,Literature,75,92,77,98,93,96
S036,B,T01,Literature,65,89,76,74,69,72
S037,B,T01,Literature,65,66,40,56,51,54
S038,B,T01,Literature,73,69,77,82,77,80
S039,B,T01,Literature,75,78,90,86,81,84
S040,B,T01,Literature,87,71,71,82,77,80
S041,B,T01,Literature,77,82,71,100,95,98
S042,B,T01,Literature,57,74,70,70,65,68
S043,B,T01,Literature,91,63,76,76,71,74
S044,B,T01,Literature,71,84,90,94,89,92
S045,B,T01,Literature,83,88,99,94,89,92
S046,B,T01,Literature,85,79,88,88,83,86
S047,B,T01,Literature,75,79,70,76,71,74
S048,B,T01,Literature,75,83,99,96,91,94
S049,B,T01,Literature,43,63,73,54,49,52
S050,B,T01,Literature,67,35,59,44,39,42
S051,B,T01,Literature,49,72,88,88,83,86
S052,B,T01,Literature,83,55,89,70,65,68
S053,B,T01,Literature,65,83,91,96,91,94
S054,B,T01,Literature,77,78,77,84,79,82
S055,B,T01,Literature,43,74,67,70,65,68
S056,B,T01,Literature,49,68,70,72,67,70
S057,B,T01,Literature,79,80,79,84,79,82
S058,C,T01,Literature,71,92,95,96,91,94
S059,C,T01,Literature,69,83,90,96,91,94
S060,C,T01,Literature,63,74,88,88,83,86
S061,C,T01,Literature,65,79,71,78,73,76
S062,C,T01,Literature,65,73,89,82,77,80
S063,C,T01,Literature,59,66,73,60,55,58
S064,C,T01,Literature,65,99,94,98,93,96
S065,C,T01,Literature,61,77,66,70,65,68
S066,C,T01,Literature,63,55,79,82,77,80
S067,C,T01,Literature,65,78,85,92,87,90
S068,C,T01,Literature,61,73,89,86,81,84
S069,C,T01,Literature,27,88,66,72,67,70
S070,C,T01,Literature,65,78,81,82,77,80
S071,C,T01,Literature,91,68,64,72,67,70
S072,C,T01,Literature,57,88,79,92,87,90
S073,C,T01,Literature,67,54,83,80,75,78
S074,C,T01,Literature,81,78,91,82,77,80
S075,C,T01,Literature,75,90,88,94,89,92
S076,C,T01,Literature,83,80,75,84,79,82
S077,C,T01,Literature,65,60,67,64,59,62
S078,C,T01,Literature,49,94,88,98,93,96
S079,C,T01,Literature,61,74,65,78,73,76
S080,C,T01,Literature,41,86,89,90,85,88
S081,C,T01,Literature,67,88,92,92,87,90
S082,C,T01,Literature,49,78,85,82,77,80
S083,C,T01,Literature,77,78,73,82,77,80
S084,C,T01,Literature,77,65,45,50,45,48
S085,D,T01,Literature,55,55,87,74,71,72
S086,D,T01,Literature,61,65,67,56,53,54
S087,D,T01,Literature,79,77,77,90,87,88
S088,D,T01,Literature,73,62,66,72,69,70
S089,D,T01,Literature,77,72,71,84,81,82
S090,D,T01,Literature,41,55,54,50,47,48
S091,D,T01,Literature,65,66,60,56,53,54
S092,D,T01,Literature,70,77,75,86,83,84
S093,D,T01,Literature,65,66,75,78,75,76
S094,D,T01,Literature,55,72,70,76,73,74
S095,D,T01,Literature,39,66,67,70,67,68
S096,D,T01,Literature,55,68,70,72,69,70
S097,D,T01,Literature,59,62,83,72,69,70
S098,D,T01,Literature,35,54,65,66,63,64
S099,D,T01,Literature,29,77,77,72,69,70
S100,D,T01,Literature,47,64,63,68,65,66
S101,D,T01,Literature,71,66,56,70,67,68
S102,D,T01,Literature,71,62,79,72,69,70
S103,D,T01,Literature,81,75,71,68,65,66
S104,D,T01,Literature,61,45,45,34,31,32
S105,D,T01,Literature,59,68,78,72,69,70
S106,D,T01,Literature,35,94,88,98,95,96
S107,D,T01,Literature,39,66,65,64,61,62
S108,D,T01,Literature,55,78,67,74,71,72
S109,D,T01,Literature,77,84,77,88,85,86
S110,D,T01,Literature,73,56,78,82,79,80
S111,D,T01,Literature,59,66,89,90,87,88
S112,D,T01,Literature,47,56,78,72,69,70
S113,D,T01,Literature,43,72,61,56,53,54
S114,D,T01,Literature,91,64,45,68,65,66
S115,D,T01,Literature,41,44,65,48,45,46
S116,D,T01,Literature,67,70,88,74,71,72
S117,D,T01,Literature,47,66,57,56,53,54
S118,D,T01,Literature,79,72,83,84,81,82
S119,E,T02,Literature,65,77,81,84,81,82
S120,E,T02,Literature,47,67,75,62,59,60
S121,E,T02,Literature,33,45,64,68,65,66
S122,E,T02,Literature,66,67,78,86,83,84
S123,E,T02,Literature,67,76,77,80,77,78
S124,E,T02,Literature,73,80,87,84,81,82
S125,E,T02,Literature,39,44,41,48,45,46
S126,E,T02,Literature,66,68,67,72,69,70
S127,E,T02,Literature,79,46,49,50,47,48
S128,E,T02,Literature,85,68,77,72,69,70
S129,E,T02,Literature,89,58,77,62,59,60
S130,E,T02,Literature,55,67,55,46,43,44
S131,E,T02,Literature,81,58,64,62,59,60
S132,E,T02,Literature,45,77,55,66,63,64
S133,E,T02,Literature,79,54,61,42,39,40
S134,E,T02,Literature,83,32,43,36,33,34
S135,E,T02,Literature,91,50,44,54,51,52
S136,E,T02,Literature,63,54,68,78,75,76
S137,E,T02,Literature,75,74,66,78,75,76
S138,E,T02,Literature,85,84,68,88,85,86
S139,E,T02,Literature,79,64,58,68,65,66
S140,E,T02,Literature,65,78,42,66,63,64
S141,E,T02,Literature,75,38,58,42,39,40
S142,E,T02,Literature,65,42,62,46,43,44
S143,E,T02,Literature,85,54,55,62,59,60
S144,E,T02,Literature,73,22,32,26,23,24
S145,E,T02,Literature,75,76,66,80,77,78
S146,E,T02,Literature,87,78,74,66,63,64
S147,E,T02,Literature,77,50,64,54,51,52
S148,E,T02,Literature,57,46,55,50,47,48
S149,E,T02,Literature,91,66,88,98,95,96
S150,E,T02,Literature,71,44,53,48,45,46
S151,E,T02,Literature,83,70,66,74,71,72
S152,E,T02,Literature,85,66,42,54,51,52
S153,F,T02,Literature,75,82,88,86,83,84
S154,F,T02,Literature,75,68,66,72,69,70
S155,F,T02,Literature,43,66,55,54,51,52
S156,F,T02,Literature,67,36,44,40,37,38
S157,F,T02,Literature,49,56,50,60,57,58
S158,F,T02,Literature,83,66,76,74,71,72
S159,F,T02,Literature,65,76,94,80,77,78
S160,F,T02,Literature,77,42,44,46,43,44
S161,F,T02,Literature,43,66,45,38,35,36
S162,F,T02,Literature,49,82,88,86,83,84
S163,F,T02,Literature,79,88,82,92,89,90
S164,F,T02,Literature,71,77,99,96,93,94
S165,F,T02,Literature,69,58,50,62,59,60
S166,F,T02,Literature,63,84,89,88,85,86
S167,F,T02,Literature,65,77,55,52,49,50
S168,F,T02,Literature,65,82,77,86,83,84
S169,F,T02,Literature,59,86,75,90,87,88
S170,F,T02,Literature,65,77,77,68,65,66
S171,F,T02,Literature,61,44,54,48,45,46
S172,F,T02,Literature,63,68,85,72,69,70
S173,F,T02,Literature,65,77,56,56,53,54
S174,F,T02,Literature,61,76,85,80,77,78
S175,F,T02,Literature,27,70,76,74,71,72
S176,F,T02,Literature,65,77,47,44,41,42
S177,F,T02,Literature,91,72,67,76,73,74
S178,F,T02,Literature,57,40,56,44,41,42
S179,F,T02,Literature,67,77,41,64,61,62
S180,F,T02,Literature,81,70,67,74,71,72
S181,F,T02,Literature,75,56,47,60,57,58
S182,F,T02,Literature,83,55,71,64,61,62
S183,F,T02,Literature,65,52,65,56,53,54
S184,F,T02,Literature,49,70,78,74,71,72
S185,F,T02,Literature,61,55,80,82,79,80
S186,F,T02,Literature,41,64,53,68,65,66
S187,F,T02,Literature,67,52,67,56,53,54
S188,F,T02,Literature,49,55,73,82,79,80
S001,A,T03,Math,89,54,71,69,64,67
S002,A,T03,Math,99,38,58,55,50,53
S003,A,T03,Math,55,55,60,59,54,57
S004,A,T03,Math,75,80,44,51,46,49
S005,A,T03,Math,77,74,65,69,64,67
S006,A,T03,Math,93,55,65,77,72,75
S007,A,T03,Math,85,92,59,63,58,61
S008,A,T03,Math,97,52,50,51,46,49
S009,A,T03,Math,85,55,76,77,72,75
S010,A,T03,Math,91,60,63,53,48,51
S011,A,T03,Math,85,56,43,37,32,35
S012,A,T03,Math,73,55,44,47,42,45
S013,A,T03,Math,95,46,66,79,74,77
S014,A,T03,Math,75,72,65,73,68,71
S015,A,T03,Math,55,55,55,51,46,49
S016,A,T03,Math,73,58,77,91,86,89
S017,A,T03,Math,61,78,43,51,46,49
S018,A,T03,Math,69,55,81,75,70,73
S019,A,T03,Math,56,92,55,59,54,57
S020,A,T03,Math,85,80,60,55,50,53
S021,A,T03,Math,75,55,65,65,60,63
S022,A,T03,Math,55,78,49,45,40,43
S023,A,T03,Math,55,42,61,71,66,69
S024,A,T03,Math,55,55,55,61,56,59
S025,A,T03,Math,56,92,45,57,52,55
S026,A,T03,Math,97,68,70,77,72,75
S027,A,T03,Math,89,77,77,69,64,67
S028,A,T03,Math,93,60,80,91,86,89
S029,A,T03,Math,87,78,66,79,74,77
S030,B,T03,Math,73,77,70,79,74,77
S031,B,T03,Math,100,60,82,77,72,75
S032,B,T03,Math,39,92,45,41,36,39
S033,B,T03,Math,93,77,50,43,38,41
S034,B,T03,Math,75,78,68,91,86,89
S035,B,T03,Math,55,84,68,67,62,65
S036,B,T03,Math,75,77,87,87,82,85
S037,B,T03,Math,57,84,55,59,54,57
S038,B,T03,Math,83,80,76,77,72,75
S039,B,T03,Math,87,77,89,89,84,87
S040,B,T03,Math,83,51,58,59,54,57
S041,B,T03,Math,100,55,89,91,86,89
S042,B,T03,Math,71,77,88,89,84,87
S043,B,T03,Math,77,65,77,77,72,75
S044,B,T03,Math,95,73,80,83,78,81
S045,B,T03,Math,95,77,74,73,68,71
S046,B,T03,Math,89,47,74,83,78,81
S047,B,T03,Math,77,73,84,79,74,77
S048,B,T03,Math,97,77,87,91,86,89
S049,B,T03,Math,55,33,55,49,44,47
S050,B,T03,Math,45,43,38,39,34,37
S051,B,T03,Math,89,77,78,83,78,81
S052,B,T03,Math,71,69,66,65,60,63
S053,B,T03,Math,97,47,88,91,86,89
S054,B,T03,Math,85,77,76,79,74,77
S055,B,T03,Math,71,47,62,65,60,63
S056,B,T03,Math,73,71,50,67,62,65
S057,B,T03,Math,85,66,80,79,74,77
S058,C,T03,Math,97,51,94,91,86,89
S059,C,T03,Math,97,61,78,91,86,89
S060,C,T03,Math,89,66,87,83,78,81
S061,C,T03,Math,79,67,76,73,68,71
S062,C,T03,Math,83,57,82,77,72,75
S063,C,T03,Math,61,66,68,55,50,53
S064,C,T03,Math,99,73,88,93,88,91
S065,C,T03,Math,71,65,66,65,60,63
S066,C,T03,Math,83,66,77,77,72,75
S067,C,T03,Math,93,75,88,87,82,85
S068,C,T03,Math,87,75,75,81,76,79
S069,C,T03,Math,73,66,71,67,62,65
S070,C,T03,Math,83,37,93,77,72,75
S071,C,T03,Math,73,39,66,67,62,65
S072,C,T03,Math,93,66,97,87,82,85
S073,C,T03,Math,81,63,85,75,70,73
S074,C,T03,Math,83,83,91,77,72,75
S075,C,T03,Math,95,66,85,89,84,87
S076,C,T03,Math,85,73,73,79,74,77
S077,C,T03,Math,65,85,66,59,54,57
S078,C,T03,Math,99,66,75,93,88,91
S079,C,T03,Math,79,87,81,73,68,71
S080,C,T03,Math,91,85,73,83,80,83
S081,C,T03,Math,93,66,77,85,82,85
S082,C,T03,Math,83,79,69,75,72,75
S083,C,T03,Math,83,69,91,75,72,75
S084,C,T03,Math,51,66,33,43,40,43
S085,D,T03,Math,75,75,75,67,64,67
S086,D,T03,Math,57,87,55,49,46,49
S087,D,T03,Math,91,66,87,83,80,83
S088,D,T03,Math,73,35,67,65,62,65
S089,D,T03,Math,85,79,95,77,74,77
S090,D,T03,Math,51,55,45,43,40,43
S091,D,T03,Math,57,87,55,49,46,49
S092,D,T03,Math,87,75,93,79,76,79
S093,D,T03,Math,79,55,87,71,68,71
S094,D,T03,Math,77,63,73,69,66,69
S095,D,T03,Math,71,75,55,63,60,63
S096,D,T03,Math,73,55,66,65,62,65
S097,D,T03,Math,73,87,66,65,62,65
S098,D,T03,Math,67,79,56,59,56,59
S099,D,T03,Math,73,55,66,65,62,65
S100,D,T03,Math,69,73,75,61,58,61
S101,D,T03,Math,71,51,57,63,60,63
S102,D,T03,Math,73,55,77,65,62,65
S103,D,T03,Math,69,61,66,61,58,61
S104,D,T03,Math,35,73,33,27,24,27
S105,D,T03,Math,73,55,66,65,62,65
S106,D,T03,Math,99,77,88,91,88,91
S107,D,T03,Math,65,63,77,57,54,57
S108,D,T03,Math,75,55,65,67,64,67
S109,D,T03,Math,89,63,95,81,78,81
S110,D,T03,Math,83,83,89,75,72,75
S111,D,T03,Math,91,55,77,83,80,83
S112,D,T03,Math,73,73,64,65,62,65
S113,D,T03,Math,57,85,55,49,46,49
S114,D,T03,Math,69,55,65,61,58,61
S115,D,T03,Math,49,55,44,41,38,41
S116,D,T03,Math,75,89,66,67,64,67
S117,D,T03,Math,57,55,44,49,46,49
S118,D,T03,Math,85,81,85,77,74,77
S119,E,T04,Math,85,83,71,77,74,77
S120,E,T04,Math,63,55,55,55,52,55
S121,E,T04,Math,69,73,67,61,58,61
S122,E,T04,Math,87,41,97,79,76,79
S123,E,T04,Math,81,55,97,73,70,73
S124,E,T04,Math,85,47,89,77,74,77
S125,E,T04,Math,49,81,44,41,38,41
S126,E,T04,Math,73,55,55,65,62,65
S127,E,T04,Math,51,75,37,43,40,43
S128,E,T04,Math,73,41,85,65,62,65
S129,E,T04,Math,63,55,71,55,52,55
S130,E,T04,Math,47,77,44,39,36,39
S131,E,T04,Math,63,69,55,55,52,55
S132,E,T04,Math,67,55,56,59,56,59
S133,E,T04,Math,43,61,45,35,32,35
S134,E,T04,Math,37,63,34,29,26,29
S135,E,T04,Math,55,55,45,47,44,47
S136,E,T04,Math,79,57,78,71,68,71
S137,E,T04,Math,79,63,81,71,68,71
S138,E,T04,Math,89,55,83,81,78,81
S139,E,T04,Math,69,61,66,61,58,61
S140,E,T04,Math,67,63,55,59,56,59
S141,E,T04,Math,43,44,44,35,32,35
S142,E,T04,Math,47,25,55,39,36,39
S143,E,T04,Math,63,63,44,55,52,55
S144,E,T04,Math,27,44,22,19,16,19
S145,E,T04,Math,81,55,88,73,70,73
S146,E,T04,Math,67,65,66,59,56,59
S147,E,T04,Math,55,44,55,47,44,47
S148,E,T04,Math,51,73,51,43,40,43
S149,E,T04,Math,99,81,75,91,88,91
S150,E,T04,Math,49,44,57,41,38,41
S151,E,T04,Math,75,47,66,67,64,67
S152,E,T04,Math,55,59,45,47,44,47
S153,F,T04,Math,87,44,85,79,76,79
S154,F,T04,Math,73,65,66,65,62,65
S155,F,T04,Math,55,47,57,47,44,47
S156,F,T04,Math,41,44,33,33,30,33
S157,F,T04,Math,61,75,55,53,50,53
S158,F,T04,Math,75,53,77,67,64,67
S159,F,T04,Math,81,44,71,73,70,73
S160,F,T04,Math,47,77,34,39,36,39
S161,F,T04,Math,39,71,43,31,28,31
S162,F,T04,Math,87,44,77,79,76,79
S163,F,T04,Math,93,39,73,85,82,85
S164,F,T04,Math,97,63,89,89,86,89
S165,F,T04,Math,63,44,55,55,52,55
S166,F,T04,Math,89,63,73,81,78,81
S167,F,T04,Math,53,53,43,45,42,45
S168,F,T04,Math,87,44,77,79,76,79
S169,F,T04,Math,91,53,73,83,80,83
S170,F,T04,Math,69,57,99,91,88,91
S171,F,T04,Math,49,44,65,63,60,63
S172,F,T04,Math,73,27,75,75,72,75
S173,F,T04,Math,57,45,89,87,82,85
S174,F,T04,Math,81,44,83,81,76,79
S175,F,T04,Math,75,69,66,67,62,65
S176,F,T04,Math,45,79,73,77,72,75
S177,F,T04,Math,77,44,57,67,62,65
S178,F,T04,Math,45,57,86,87,82,85
S179,F,T04,Math,65,33,96,75,70,73
S180,F,T04,Math,75,44,67,77,72,75
S181,F,T04,Math,61,53,72,89,84,87
S182,F,T04,Math,65,17,74,79,74,77
S183,F,T04,Math,57,44,55,59,54,57
S184,F,T04,Math,75,57,82,93,88,91
S185,F,T04,Math,83,45,77,73,68,71
S186,F,T04,Math,69,44,82,85,80,83
S187,F,T04,Math,57,89,88,87,82,85
S188,F,T04,Math,83,39,82,77,72,75
S001,A,T05,Reading,72,44,42,66,61,64
S002,A,T05,Reading,77,45,86,84,79,82
S003,A,T05,Reading,80,77,68,78,73,76
S004,A,T05,Reading,84,44,94,82,77,80
S005,A,T05,Reading,55,45,44,46,41,44
S006,A,T05,Reading,66,31,68,70,65,68
S007,A,T05,Reading,68,44,55,48,43,46
S008,A,T05,Reading,74,65,65,70,65,68
S009,A,T05,Reading,92,71,55,60,55,58
S010,A,T05,Reading,92,44,44,44,39,42
S011,A,T05,Reading,86,29,55,60,55,58
S012,A,T05,Reading,74,77,76,64,59,62
S013,A,T05,Reading,44,44,33,40,35,38
S014,A,T05,Reading,52,87,33,34,29,32
S015,A,T05,Reading,42,53,54,52,47,50
S016,A,T05,Reading,86,44,68,76,71,74
S017,A,T05,Reading,68,43,80,76,71,74
S018,A,T05,Reading,94,77,90,86,81,84
S019,A,T05,Reading,82,44,66,66,61,64
S020,A,T05,Reading,68,89,70,64,59,62
S021,A,T05,Reading,55,61,36,40,35,38
S022,A,T05,Reading,66,44,54,44,39,42
S023,A,T05,Reading,44,83,66,60,55,58
S024,A,T05,Reading,33,77,34,24,19,22
S025,A,T05,Reading,86,44,80,78,73,76
S026,A,T05,Reading,76,73,66,64,59,62
S027,A,T05,Reading,80,63,56,52,47,50
S028,A,T05,Reading,58,44,45,48,43,46
S029,A,T05,Reading,96,71,96,96,91,94
S030,B,T05,Reading,68,73,44,46,41,44
S031,B,T05,Reading,80,44,88,72,67,70
S032,B,T05,Reading,90,75,56,52,47,50
S033,B,T05,Reading,84,55,80,84,79,82
S034,B,T05,Reading,70,44,77,70,65,68
S035,B,T06,Reading,80,69,48,52,47,50
S036,B,T06,Reading,70,81,78,91,86,89
S037,B,T06,Reading,90,77,89,100,96,99
S038,B,T06,Reading,78,73,65,57,52,55
S039,B,T06,Reading,80,73,70,77,72,75
S040,B,T06,Reading,92,77,82,79,74,77
S041,B,T06,Reading,82,65,99,95,90,93
S042,B,T06,Reading,62,47,88,87,82,85
S043,B,T06,Reading,96,77,84,97,94,97
S044,B,T06,Reading,76,63,88,85,82,85
S045,B,T06,Reading,88,75,90,91,88,91
S046,B,T06,Reading,90,77,88,85,82,85
S047,B,T06,Reading,80,47,70,73,70,73
S048,B,T06,Reading,80,77,96,95,92,95
S049,B,T06,Reading,66,77,77,75,72,75
S050,B,T06,Reading,72,67,70,81,78,81
S051,B,T06,Reading,54,61,74,73,70,73
S052,B,T06,Reading,55,77,68,61,58,61
S053,B,T06,Reading,70,63,70,69,66,69
S054,B,T06,Reading,82,57,96,91,88,91
S055,B,T06,Reading,77,77,77,85,82,85
S056,B,T06,Reading,66,59,70,75,72,75
S057,B,T06,Reading,84,61,96,95,92,95
S058,C,T06,Reading,76,77,88,87,84,87
S059,C,T06,Reading,74,59,99,97,94,97
S060,C,T06,Reading,77,25,86,95,92,95
S061,C,T06,Reading,88,77,99,97,94,97
S062,C,T06,Reading,88,89,88,89,86,89
S063,C,T06,Reading,88,55,99,93,90,93
S064,C,T06,Reading,88,77,88,87,84,87
S065,C,T06,Reading,66,79,78,73,70,73
S066,C,T06,Reading,88,73,99,98,97,100
S067,C,T06,Reading,44,77,45,39,36,39
S068,C,T06,Reading,89,63,99,93,90,93
S069,C,T06,Reading,78,47,82,75,72,75
S070,C,T06,Reading,99,77,96,100,96,99
S071,C,T06,Reading,76,39,66,77,72,75
S072,C,T06,Reading,62,65,66,59,54,57
S073,C,T06,Reading,72,77,84,85,80,83
S074,C,T06,Reading,86,75,78,89,84,87
S075,C,T06,Reading,80,75,82,85,80,83
S076,C,T06,Reading,88,77,89,100,97,100
S077,C,T06,Reading,70,62,70,73,68,71
S078,C,T06,Reading,54,80,77,79,74,77
S079,C,T06,Reading,88,77,99,97,92,95
S080,C,T06,Reading,88,78,99,97,92,95
S081,C,T06,Reading,88,42,88,91,86,89
S082,C,T06,Reading,77,77,77,79,74,77
S083,C,T06,Reading,82,44,99,99,94,97
S084,C,T06,Reading,82,66,40,57,52,55
S085,D,T06,Reading,60,77,34,47,42,45
S086,D,T06,Reading,66,40,88,91,86,89
S087,D,T06,Reading,84,56,76,73,68,71
S088,D,T06,Reading,80,77,96,99,94,97
S089,D,T06,Reading,82,36,86,87,82,85
S090,D,T06,Reading,55,30,77,73,68,71
S091,D,T06,Reading,70,77,77,75,70,73
S092,D,T06,Reading,48,72,88,87,82,85
S093,D,T06,Reading,70,72,99,99,94,97
S094,D,T06,Reading,78,77,99,99,94,97
S095,D,T06,Reading,44,62,99,91,86,89
S096,D,T06,Reading,60,60,78,81,76,79
S097,D,T06,Reading,64,77,88,85,80,83
S098,D,T06,Reading,40,40,52,63,58,61
S099,D,T06,Reading,88,56,99,100,96,99
S100,D,T06,Reading,52,55,88,73,68,71
S101,D,T06,Reading,76,74,88,85,80,83
S102,D,T06,Reading,76,60,95,95,90,93
S103,D,T06,Reading,86,55,85,89,84,87
S104,D,T06,Reading,66,44,84,75,70,73
S105,D,T06,Reading,64,92,78,85,80,83
S106,D,T06,Reading,77,55,77,75,70,73
S107,D,T06,Reading,88,68,99,95,90,93
S108,D,T06,Reading,60,48,85,83,78,81
S109,D,T06,Reading,77,55,86,85,80,83
S110,D,T06,Reading,78,66,92,97,92,95
S111,D,T06,Reading,77,48,89,87,82,85
S112,D,T06,Reading,52,55,66,67,62,65
S113,D,T06,Reading,78,97,84,100,96,99
S114,D,T06,Reading,96,53,90,81,76,79
S115,D,T06,Reading,88,55,94,93,88,91
S116,D,T06,Reading,72,75,91,95,90,93
S117,D,T06,Reading,67,91,86,85,80,83
S118,D,T06,Reading,84,55,77,85,80,83
S119,E,T05,Reading,70,95,56,53,48,51
S120,E,T05,Reading,52,83,88,77,72,75
S121,E,T05,Reading,38,55,66,59,54,57
S122,E,T05,Reading,87,83,88,93,88,91
S123,E,T05,Reading,72,71,70,75,70,73
S124,E,T05,Reading,78,55,83,87,82,85
S125,E,T05,Reading,44,73,56,53,48,51
S126,E,T05,Reading,36,79,45,59,54,57
S127,E,T05,Reading,84,55,78,89,84,87
S128,E,T05,Reading,90,59,74,79,76,79
S129,E,T05,Reading,94,67,73,77,74,77
S130,E,T05,Reading,60,55,62,71,68,71
S131,E,T05,Reading,86,83,72,73,70,73
S132,E,T05,Reading,66,73,71,73,70,73
S133,E,T05,Reading,84,55,62,67,64,67
S134,E,T05,Reading,88,85,78,73,70,73
S135,E,T05,Reading,66,95,72,69,66,69
S136,E,T05,Reading,46,55,80,71,68,71
S137,E,T05,Reading,70,95,66,73,70,73
S138,E,T05,Reading,54,87,67,69,66,69
S139,E,T05,Reading,78,55,43,35,32,35
S140,E,T05,Reading,72,85,77,73,70,73
S141,E,T05,Reading,42,71,99,98,96,99
S142,E,T05,Reading,74,55,50,65,62,65
S143,E,T05,Reading,42,37,82,75,72,75
S144,E,T05,Reading,62,91,76,89,86,89
S145,E,T05,Reading,72,55,86,83,80,83
S146,E,T05,Reading,58,97,94,91,88,91
S147,E,T05,Reading,62,73,75,73,70,73
S148,E,T05,Reading,54,55,58,57,54,57
S149,E,T05,Reading,72,81,62,69,66,69
S150,E,T05,Reading,80,85,58,49,46,49
S151,E,T05,Reading,66,55,68,75,72,75
S152,E,T05,Reading,54,98,66,57,54,57
S153,F,T05,Reading,80,69,74,85,82,85
S154,F,T05,Reading,56,55,77,85,82,85
S155,F,T05,Reading,40,93,60,63,60,63
S156,F,T05,Reading,50,93,79,69,66,69
S157,F,T05,Reading,82,55,88,87,84,87
S158,F,T05,Reading,76,75,94,81,78,81
S159,F,T05,Reading,78,95,82,85,82,85
S160,F,T05,Reading,55,55,55,49,46,49
S161,F,T05,Reading,54,43,80,73,70,73
S162,F,T05,Reading,65,87,44,51,48,51
S163,F,T05,Reading,62,55,77,73,70,73
S164,F,T05,Reading,58,95,67,63,60,63
S165,F,T05,Reading,68,83,56,47,44,47
S166,F,T05,Reading,48,55,67,63,60,63
S167,F,T05,Reading,74,55,62,67,64,67
S168,F,T05,Reading,64,83,66,43,40,43
S169,F,T05,Reading,60,95,44,37,34,37
S170,F,T05,Reading,80,55,62,55,52,55
S171,F,T05,Reading,72,87,94,79,76,79
S172,F,T05,Reading,67,77,92,79,76,79
S173,F,T05,Reading,82,55,80,89,86,89
S174,F,T05,Reading,82,59,55,69,66,69
S175,F,T05,Reading,80,97,76,67,64,67
S176,F,T05,Reading,44,55,44,43,40,43
S177,F,T05,Reading,46,81,44,47,44,47
S178,F,T05,Reading,66,91,55,63,60,63
S179,F,T05,Reading,70,55,33,27,24,27
S180,F,T05,Reading,90,71,89,81,78,81
S181,F,T05,Reading,62,81,66,67,64,67
S182,F,T05,Reading,80,55,67,55,52,55
S183,F,T05,Reading,92,91,56,51,48,51
S184,F,T05,Reading,88,79,89,98,96,99
S185,F,T05,Reading,55,55,49,51,46,49
S186,F,T05,Reading,92,93,75,77,72,75
S187,F,T05,Reading,80,83,51,57,52,55
S188,F,T05,Reading,86,55,78,89,84,87
S001,A,T07,History,69,97,39,59,58,61
S002,A,T07,History,74,77,83,77,76,79
S003,A,T07,History,77,55,65,71,70,73
S004,A,T07,History,81,91,91,75,74,77
S005,A,T07,History,52,81,41,39,38,41
S006,A,T07,History,63,55,65,63,62,65
S007,A,T07,History,65,49,52,41,40,43
S008,A,T07,History,71,73,62,63,62,65
S009,A,T07,History,89,55,52,53,52,55
S010,A,T07,History,89,89,41,37,36,39
S011,A,T07,History,83,71,52,53,52,55
S012,A,T07,History,71,66,73,57,56,59
S013,A,T07,History,41,49,30,33,32,35
S014,A,T07,History,49,55,30,27,26,29
S015,A,T07,History,39,66,51,45,44,47
S016,A,T07,History,83,77,65,69,68,71
S017,A,T07,History,65,75,77,69,68,71
S018,A,T07,History,91,66,87,79,78,81
S019,A,T07,History,79,71,63,59,58,61
S020,A,T07,History,65,71,67,57,56,59
S021,A,T07,History,52,66,33,33,32,35
S022,A,T07,History,63,71,51,37,36,39
S023,A,T07,History,41,67,63,53,52,55
S024,A,T07,History,30,66,31,17,16,19
S025,A,T07,History,83,71,77,71,70,73
S026,A,T07,History,73,67,63,57,56,59
S027,A,T07,History,77,66,53,45,44,47
S028,A,T07,History,55,71,42,41,40,43
S029,A,T07,History,93,97,93,89,88,91
S030,B,T07,History,65,66,41,39,38,41
S031,B,T07,History,77,73,85,65,64,67
S032,B,T07,History,87,87,53,45,44,47
S033,B,T07,History,81,66,77,77,76,79
S034,B,T07,History,67,89,74,63,62,65
S035,B,T07,History,77,71,45,45,44,47
S036,B,T07,History,67,66,75,84,83,86
S037,B,T07,History,87,67,86,94,93,96
S038,B,T07,History,75,47,62,50,49,52
S039,B,T07,History,77,66,67,70,69,72
S040,B,T07,History,89,55,79,72,71,74
S041,B,T07,History,79,83,96,88,87,90
S042,B,T07,History,59,66,85,80,79,82
S043,B,T07,History,93,61,81,92,91,94
S044,B,T07,History,73,67,85,80,79,82
S045,B,T07,History,85,66,87,86,85,88
S046,B,T07,History,87,79,85,80,79,82
S047,B,T07,History,77,83,67,68,67,70
S048,B,T07,History,77,66,93,90,89,92
S049,B,T07,History,63,71,74,70,69,72
S050,B,T07,History,69,49,67,76,75,78
S051,B,T07,History,51,66,71,68,67,70
S052,B,T07,History,52,61,65,56,55,58
S053,B,T07,History,67,45,67,64,63,66
S054,B,T07,History,79,66,93,86,85,88
S055,B,T07,History,74,65,74,80,79,82
S056,B,T07,History,63,41,67,70,69,72
S057,B,T07,History,81,66,93,90,89,92
S058,C,T07,History,73,66,85,82,81,84
S059,C,T07,History,71,77,96,92,91,94
S060,C,T07,History,74,77,83,90,89,92
S061,C,T07,History,85,66,96,92,91,94
S062,C,T07,History,85,67,85,84,83,86
S063,C,T07,History,85,65,96,88,87,90
S064,C,T07,History,85,66,85,82,81,84
S065,C,T07,History,63,45,75,68,67,70
S066,C,T07,History,85,61,96,95,94,97
S067,C,T07,History,41,66,42,34,33,36
S068,C,T07,History,86,79,96,88,87,90
S069,C,T07,History,75,65,79,70,69,72
S070,C,T07,History,96,66,93,94,93,96
S071,C,T07,History,73,49,63,70,69,72
S072,C,T07,History,59,97,63,52,51,54
S073,C,T07,History,69,66,81,78,77,80
S074,C,T07,History,83,73,75,82,81,84
S075,C,T07,History,77,53,79,78,77,80
S076,C,T07,History,85,66,86,95,94,97
S077,C,T07,History,67,71,67,66,65,68
S078,C,T07,History,51,53,74,72,71,74
S079,C,T07,History,85,66,96,90,89,92
S080,C,T07,History,85,59,96,90,89,92
S081,C,T07,History,85,73,85,84,83,86
S082,C,T07,History,74,66,74,72,71,74
S083,C,T07,History,79,45,96,92,91,94
S084,C,T07,History,79,37,37,50,49,52
S085,D,T07,History,57,66,31,40,39,42
S086,D,T07,History,63,91,85,84,83,86
S087,D,T07,History,81,95,73,66,65,68
S088,D,T07,History,77,66,93,92,91,94
S089,D,T07,History,79,87,83,80,79,82
S090,D,T07,History,52,51,74,66,65,68
S091,D,T07,History,67,66,74,68,67,70
S092,D,T07,History,45,89,85,80,79,82
S093,D,T07,History,67,67,96,92,91,94
S094,D,T07,History,75,66,96,92,91,94
S095,D,T07,History,41,71,96,84,83,86
S096,D,T07,History,57,55,75,74,73,76
S097,D,T07,History,61,66,85,78,77,80
S098,D,T07,History,37,73,49,56,55,58
S099,D,T07,History,85,43,96,94,93,96
S100,D,T07,History,49,66,85,66,65,68
S101,D,T07,History,73,43,85,78,77,80
S102,D,T07,History,73,63,92,88,87,90
S103,D,T07,History,83,66,82,82,81,84
S104,D,T07,History,63,59,81,68,67,70
S105,D,T07,History,61,63,75,78,77,80
S106,D,T07,History,74,66,74,68,67,70
S107,D,T07,History,85,73,96,88,87,90
S108,D,T07,History,57,81,82,76,75,78
S109,D,T07,History,74,66,83,78,77,80
S110,D,T07,History,75,55,89,90,89,92
S111,D,T07,History,74,81,86,80,79,82
S112,D,T07,History,49,66,63,60,59,62
S113,D,T07,History,75,41,81,94,93,96
S114,D,T07,History,93,51,87,74,73,76
S115,D,T07,History,85,90,91,86,85,88
S116,D,T07,History,69,92,88,88,87,90
S117,D,T07,History,64,82,83,78,77,80
S118,D,T07,History,81,82,74,78,77,80
S119,E,T07,History,67,50,53,46,45,48
S120,E,T07,History,49,74,85,70,69,72
S121,E,T07,History,35,56,63,52,51,54
S122,E,T07,History,84,90,85,86,85,88
S123,E,T07,History,69,72,67,68,67,70
S124,E,T07,History,75,84,80,80,79,82
S125,E,T07,History,41,50,53,46,45,48
S126,E,T07,History,33,56,42,52,51,54
S127,E,T07,History,81,86,75,82,81,84
S128,E,T07,History,87,76,71,74,73,76
S129,E,T07,History,91,74,70,72,71,74
S130,E,T07,History,57,68,59,66,65,68
S131,E,T07,History,83,70,69,68,67,70
S132,E,T07,History,63,70,68,68,67,70
S133,E,T07,History,81,64,59,62,61,64
S134,E,T07,History,85,70,75,68,67,70
S135,E,T07,History,63,66,69,64,63,66
S136,E,T07,History,43,68,77,66,65,68
S137,E,T07,History,67,70,63,68,67,70
S138,E,T07,History,51,66,64,64,63,66
S139,E,T07,History,75,32,40,30,29,32
S140,E,T07,History,69,70,74,68,67,70
S141,E,T07,History,39,95,96,94,93,96
S142,E,T07,History,71,62,47,60,59,62
S143,E,T07,History,39,72,79,70,69,72
S144,E,T07,History,59,86,73,84,83,86
S145,E,T07,History,69,80,83,78,77,80
S146,E,T07,History,55,88,91,86,85,88
S147,E,T07,History,59,70,72,68,67,70
S148,E,T07,History,51,54,55,52,51,54
S149,E,T07,History,69,66,59,64,63,66
S150,E,T07,History,77,46,55,44,43,46
S151,E,T07,History,63,72,65,70,69,72
S152,E,T07,History,51,54,63,52,51,54
S153,F,T08,History,77,82,71,80,79,82
S154,F,T08,History,53,82,74,80,79,82
S155,F,T08,History,37,60,57,58,57,60
S156,F,T08,History,47,66,76,64,63,66
S157,F,T08,History,79,84,85,82,81,84
S158,F,T08,History,73,78,91,76,75,78
S159,F,T08,History,75,82,79,80,79,82
S160,F,T08,History,52,46,52,44,43,46
S161,F,T08,History,51,70,77,68,67,70
S162,F,T08,History,62,48,41,46,45,48
S163,F,T08,History,59,70,74,68,67,70
S164,F,T08,History,55,60,64,58,57,60
S165,F,T08,History,65,44,53,42,41,44
S166,F,T08,History,45,60,64,58,57,60
S167,F,T08,History,71,64,59,62,61,64
S168,F,T08,History,61,40,63,38,37,40
S169,F,T08,History,57,34,41,32,31,34
S170,F,T08,History,77,52,59,50,49,52
S171,F,T08,History,69,76,91,74,73,76
S172,F,T08,History,64,76,89,74,73,76
S173,F,T08,History,79,86,77,84,83,86
S174,F,T08,History,79,66,52,64,63,66
S175,F,T08,History,77,64,73,62,61,64
S176,F,T08,History,41,40,41,38,37,40
S177,F,T08,History,43,44,41,42,41,44
S178,F,T08,History,63,60,52,58,57,60
S179,F,T08,History,67,24,30,22,21,24
S180,F,T08,History,87,78,86,76,75,78
S181,F,T08,History,59,64,63,62,61,64
S182,F,T08,History,77,52,64,50,49,52
S183,F,T08,History,89,48,53,46,45,48
S184,F,T08,History,85,95,86,94,93,96
S185,F,T08,History,52,48,46,44,43,46
S186,F,T08,History,89,74,72,70,69,72
S187,F,T08,History,77,54,48,50,49,52
S188,F,T08,History,83,86,75,82,81,84
